Date,"Weight (kg)","Fat mass (kg)","Bone mass (kg)","Muscle mass (kg)","Hydration (kg)",Comments
"2022-05-29 07:42:42",91.22,22.56,3.39,65.26,46.07,
"2022-05-29 00:00:00",91.54,22.52,,,,
"2022-05-28 07:52:44",91.49,,,,,
"2022-05-27 07:03:34",90.76,22.46,3.37,64.92,45.81,
"2022-05-27 07:03:09",90.75,,,,,
"2022-05-27 00:00:00",90.80,,,,,
"2022-05-25 07:01:07",91.48,21.71,3.44,66.32,46.76,
"2022-05-25 00:00:00",91.50,,,,,
"2022-05-24 06:58:57",90.70,20.16,3.48,67.05,47.19,
"2022-05-24 00:00:00",90.70,,,,,
"2022-05-23 06:57:34",91.04,21.73,3.42,65.88,46.43,
"2022-05-23 00:00:00",91.00,,,,,
"2022-05-22 08:14:49",91.01,19.75,3.52,67.73,47.70,
"2022-05-22 00:00:00",91.00,,,,,
"2022-05-21 06:54:56",90.17,20.52,3.43,66.21,46.56,
"2022-05-21 00:00:00",90.20,,,,,
"2022-05-20 06:08:30",90.98,20.73,3.46,66.77,47.01,
"2022-05-20 00:00:00",91.00,,,,,
"2022-05-19 07:16:09",91.66,20.73,3.50,67.42,47.51,
"2022-05-19 00:00:00",91.70,,,,,
"2022-05-18 07:13:58",91.75,20.61,3.51,67.61,47.65,
"2022-05-18 07:13:32",91.98,,,,,
"2022-05-18 07:13:02",91.88,21.00,3.49,67.38,47.50,
"2022-05-18 00:00:00",91.70,,,,,
"2022-05-17 06:26:06",90.54,20.84,3.43,66.25,46.62,
"2022-05-17 00:00:00",90.50,,,,,
"2022-05-16 06:42:00",90.82,20.96,3.44,66.39,46.74,
"2022-05-16 00:00:00",90.80,,,,,
"2022-05-15 07:45:38",90.53,21.73,3.39,65.39,46.07,
"2022-05-15 00:00:00",90.50,,,,,
"2022-05-14 08:13:49",90.83,21.57,3.41,65.84,46.38,
"2022-05-14 00:00:00",90.80,,,,,
"2022-05-13 06:54:52",91.76,21.42,3.46,66.86,47.14,
"2022-05-13 00:00:00",91.80,,,,,
"2022-05-12 06:52:27",91.75,20.66,3.50,67.57,47.62,
"2022-05-12 00:00:00",91.80,,,,,
"2022-05-11 07:12:47",92.01,20.99,3.50,67.50,47.59,
"2022-05-11 00:00:00",92.00,,,,,
"2022-05-10 06:47:46",91.77,21.42,3.46,66.86,47.14,
"2022-05-10 00:00:00",91.80,,,,,
"2022-05-09 06:53:12",92.08,22.28,3.44,66.35,46.84,
"2022-05-09 00:00:00",92.10,,,,,
"2022-05-08 08:08:42",92.20,21.33,3.49,67.36,47.51,
"2022-05-08 00:00:00",92.20,,,,,
"2022-05-03 06:52:01",91.76,20.90,3.49,67.35,47.47,
"2022-05-02 00:00:00",91.30,,,,,
"2022-05-01 08:28:49",91.53,21.47,3.45,66.59,46.94,
"2022-04-21 06:37:53",90.78,21.51,3.41,65.84,46.38,
"2022-04-12 06:38:08",91.34,20.99,3.47,66.87,47.11,
"2022-04-10 08:01:18",91.11,20.17,3.50,67.42,47.48,
"2022-04-07 06:30:22",90.37,22.17,3.36,64.82,45.70,
"2022-04-01 06:52:08",91.11,20.96,3.46,66.69,46.97,
"2022-03-31 08:13:54",91.61,21.10,3.47,67.02,47.23,
"2022-03-29 08:07:01",91.82,20.75,3.50,67.55,47.62,
"2022-03-27 09:38:18",92.05,21.48,3.48,67.07,47.31,
"2022-03-24 08:09:20",90.36,20.82,3.43,66.10,46.51,
"2022-03-18 08:06:26",90.55,21.95,3.38,65.20,45.96,
"2022-03-17 07:54:18",90.94,20.95,3.45,66.53,46.85,
"2022-03-16 08:03:32",90.93,21.30,3.43,66.18,46.62,
"2022-03-15 08:05:30",91.21,21.70,3.42,66.06,46.57,
"2022-03-11 07:38:20",91.63,21.86,3.44,66.33,46.78,
"2022-03-04 08:04:31",90.73,21.87,3.39,65.45,46.13,
"2022-03-03 07:55:24",91.22,21.76,3.42,66.02,46.55,
"2022-03-02 07:48:02",90.98,21.75,3.41,65.80,46.38,
"2022-03-01 07:49:35",91.48,21.74,3.44,66.29,46.75,
"2022-02-28 06:39:01",92.41,22.14,3.46,66.80,47.17,
"2022-02-27 07:07:01",92.75,22.50,3.46,66.77,47.19,
"2022-02-19 09:03:19",90.81,20.80,3.45,66.54,46.85,
"2022-02-18 07:42:52",89.91,21.43,3.38,65.09,45.81,
"2022-02-17 07:53:17",90.29,21.03,3.41,65.83,46.33,
"2022-02-14 06:55:26",91.24,22.31,3.40,65.51,46.24,
"2022-02-13 08:29:43",91.86,22.07,3.44,66.34,46.82,
"2022-02-12 07:51:50",90.80,21.65,3.41,65.73,46.32,
"2022-02-11 07:19:23",90.12,21.37,3.39,65.35,46.00,
"2022-02-08 07:42:30",91.28,22.99,3.37,64.90,45.89,
"2022-02-05 07:41:03",91.72,22.10,3.43,66.18,46.70,
"2022-02-03 07:58:23",91.66,22.29,3.42,65.94,46.55,
"2022-02-02 08:05:39",92.01,22.47,3.43,66.10,46.69,
"2022-01-17 07:30:43",91.47,22.78,3.39,65.29,46.14,
"2022-01-05 06:52:12",92.09,22.29,3.44,66.35,46.86,
"2021-12-29 08:11:05",92.71,22.59,3.45,66.65,47.11,
"2021-12-15 08:14:00",90.09,20.94,3.41,65.73,46.24,
"2021-12-13 08:06:32",91.31,21.35,3.45,66.50,46.87,
"2021-12-07 07:47:08",91.04,20.96,3.45,66.62,46.92,
"2021-11-19 07:03:42",90.99,20.54,3.47,66.96,47.15,
"2021-11-19 07:03:10",91.24,21.00,3.46,66.76,47.03,
"2021-11-16 07:04:41",90.92,20.67,3.46,66.77,47.02,
"2021-11-12 07:47:25",90.85,20.67,3.46,66.71,46.97,
"2021-11-05 07:33:10",92.75,21.36,3.52,67.87,47.91,
"2021-11-02 06:48:49",91.03,19.57,3.53,67.92,47.85,
"2021-10-30 08:18:02",91.78,22.03,3.44,66.30,46.79,
"2021-10-25 06:55:00",92.10,21.47,3.48,67.14,47.37,
"2021-10-24 08:23:25",91.76,20.79,3.50,67.46,47.56,
"2021-10-23 08:43:22",91.68,20.87,3.49,67.31,47.45,
"2021-10-22 07:51:59",91.95,20.74,3.51,67.68,47.73,
"2021-10-21 10:11:38",92.22,20.75,3.52,67.93,47.92,
"2021-10-19 07:17:15",91.92,20.72,3.51,67.68,47.72,
"2021-09-13 07:53:49",91.17,21.25,3.44,66.46,46.84,
"2021-08-30 08:08:02",91.78,21.26,3.47,67.03,47.27,
"2021-08-30 07:57:02",92.18,21.42,3.48,67.26,47.46,
"2021-08-19 07:43:09",91.18,21.22,3.45,66.51,46.87,
"2021-08-10 07:12:36",91.55,21.68,3.44,66.42,46.85,
"2021-08-05 19:49:40",92.26,,,,,
"2021-07-29 07:35:27",90.91,20.04,3.49,67.36,47.44,
"2021-07-27 07:50:47",90.86,19.64,3.51,67.69,47.68,
"2021-07-23 07:57:24",91.65,20.50,3.51,67.63,47.68,
"2021-07-21 07:50:15",91.70,21.37,3.46,66.85,47.15,
"2021-07-12 07:26:38",91.11,21.15,3.45,66.50,46.86,
"2021-06-29 07:10:17",90.15,19.47,3.49,67.18,47.27,
"2021-06-26 07:00:27",91.25,21.15,3.45,66.63,46.96,
"2021-06-11 06:37:04",90.99,20.09,3.50,67.39,47.47,
"2021-06-11 06:36:32",91.37,20.19,3.51,67.66,47.69,
"2021-06-04 07:17:49",90.56,19.45,3.51,67.59,47.60,
"2021-05-31 07:17:29",90.63,20.71,3.44,66.46,46.80,
"2021-05-27 08:03:41",89.09,20.47,3.38,65.21,45.82,
"2021-05-21 07:23:37",89.44,20.10,3.42,65.90,46.31,
"2021-05-11 07:56:46",90.70,20.18,3.48,67.03,47.20,
"2021-05-09 09:10:10",90.10,20.26,3.44,66.38,46.70,
"2021-05-04 07:57:59",90.04,19.46,3.48,67.08,47.19,
"2021-04-29 07:28:14",89.33,19.28,3.45,66.58,46.79,
"2021-04-27 07:05:08",88.73,20.06,3.39,65.27,45.83,
"2021-04-23 07:10:07",88.99,19.84,3.41,65.73,46.16,
"2021-04-20 07:16:40",88.73,19.10,3.43,66.19,46.47,
"2021-04-14 07:27:32",89.07,19.94,3.41,65.71,46.15,
"2021-04-11 08:27:11",88.41,20.06,3.37,64.96,45.59,
"2021-04-08 08:03:20",88.27,20.20,3.36,64.70,45.41,
"2021-04-06 07:41:44",88.77,19.75,3.40,65.60,46.05,
"2021-04-02 08:22:17",87.78,19.45,3.37,64.94,45.52,
"2021-03-31 08:04:59",88.67,18.84,3.44,66.37,46.60,
"2021-03-29 08:05:25",88.06,19.87,3.36,64.81,45.46,
"2021-03-26 08:07:18",88.83,19.04,3.44,66.33,46.58,
"2021-03-23 08:05:15",88.54,19.44,3.41,65.67,46.09,
"2021-03-20 07:55:27",88.00,,,,,
"2021-03-16 07:23:08",88.83,19.07,3.44,66.30,46.56,
"2021-03-14 08:43:16",87.94,19.24,3.39,65.30,45.79,
"2021-03-08 07:38:39",88.67,19.75,3.40,65.51,45.99,
"2021-03-03 07:53:57",88.12,19.37,3.39,65.34,45.83,
"2021-03-02 08:04:31",87.99,19.81,3.36,64.81,45.45,
"2021-02-25 07:49:46",87.84,18.35,3.43,66.04,46.33,
"2021-02-21 08:29:23",88.29,19.21,3.41,65.65,46.06,
"2021-02-18 08:03:58",87.42,18.29,3.41,65.71,46.05,
"2021-02-16 08:04:33",86.91,19.20,3.34,64.35,45.04,
"2021-02-14 08:26:16",88.00,19.68,3.37,64.94,45.54,
"2021-02-13 08:15:18",87.77,19.22,3.38,65.16,45.67,
"2021-02-09 07:30:18",87.68,19.31,3.37,64.98,45.55,
"2021-02-05 07:21:41",88.10,18.98,3.41,65.70,46.08,
"2021-02-04 07:22:50",87.26,19.51,3.34,64.40,45.11,
"2021-01-31 08:44:32",87.92,19.82,3.36,64.73,45.39,
"2021-01-30 08:28:07",87.66,19.82,3.35,64.48,45.20,
"2021-01-29 07:59:39",87.62,19.46,3.36,64.78,45.40,
"2021-01-26 08:19:51",87.26,19.34,3.35,64.55,45.21,
"2021-01-25 07:55:04",88.72,20.11,3.38,65.21,45.79,
"2021-01-24 08:38:39",89.02,19.50,3.43,66.08,46.41,
"2021-01-23 09:00:57",88.34,19.24,3.41,65.68,46.08,
"2021-01-21 08:02:48",87.98,18.73,3.42,65.82,46.17,
"2021-01-19 07:48:39",87.50,19.06,3.38,65.05,45.58,
"2021-01-17 08:22:45",87.07,19.60,3.33,64.13,44.92,
"2021-01-15 07:54:43",87.63,19.03,3.38,65.20,45.70,
"2021-01-14 07:47:21",87.49,18.89,3.38,65.20,45.69,
"2021-01-13 08:02:01",87.92,19.21,3.39,65.30,45.79,
"2021-01-12 07:45:27",87.55,18.61,3.40,65.52,45.93,
"2021-01-11 07:39:13",88.08,18.85,3.41,65.81,46.16,
"2021-01-09 08:23:51",87.42,19.46,3.35,64.59,45.26,
"2021-01-08 07:51:29",88.52,18.53,3.45,66.52,46.72,
"2021-01-07 07:39:42",88.74,18.44,3.47,66.81,46.95,
"2021-01-05 08:15:08",87.47,19.42,3.36,64.68,45.32,
"2021-01-02 08:10:10",88.75,18.74,3.45,66.54,46.74,
"2020-12-31 08:56:45",87.85,18.70,3.41,65.72,46.09,
"2020-12-30 08:32:49",87.82,18.92,3.40,65.48,45.92,
"2020-12-29 08:43:56",88.45,19.52,3.40,65.52,45.98,
"2020-12-28 08:53:51",88.77,19.22,3.43,66.11,46.42,
"2020-12-27 08:13:59",87.61,19.33,3.37,64.90,45.49,
"2020-12-25 07:49:39",87.22,18.72,3.38,65.11,45.61,
"2020-12-23 07:01:53",87.06,18.20,3.40,65.45,45.85,
"2020-12-22 08:28:39",87.64,18.43,3.41,65.78,46.13,
"2020-12-21 08:32:20",87.49,17.88,3.44,66.16,46.41,
"2020-12-20 09:03:49",87.59,18.19,3.42,65.96,46.26,
"2020-12-19 08:13:17",86.67,18.11,3.38,65.16,45.61,
"2020-12-18 08:48:58",87.29,18.37,3.40,65.51,45.90,
"2020-12-16 08:00:54",87.77,17.92,3.45,66.39,46.60,
"2020-12-15 07:56:13",87.68,17.61,3.46,66.59,46.76,
"2020-12-14 08:00:15",87.17,17.69,3.43,66.03,46.31,
"2020-12-12 08:28:39",87.17,18.01,3.41,65.73,46.07,
"2020-12-11 08:06:58",86.60,18.64,3.35,64.59,45.19,
"2020-12-10 07:42:30",87.13,18.65,3.38,65.09,45.59,
"2020-12-09 07:12:59",87.73,18.01,3.44,66.26,46.50,
"2020-12-08 06:46:56",87.22,18.12,3.41,65.67,46.03,
"2020-12-07 07:30:54",87.34,18.13,3.41,65.78,46.11,
"2020-12-05 08:45:58",87.10,18.82,3.37,64.90,45.45,
"2020-12-03 07:26:43",86.51,18.75,3.34,64.40,45.06,
"2020-12-02 06:42:47",86.48,19.38,3.31,63.77,44.62,
"2020-12-01 07:00:48",86.53,19.27,3.32,63.93,44.73,
"2020-12-01 07:00:15",86.41,19.32,3.31,63.76,44.61,
"2020-11-30 07:16:47",87.18,18.67,3.38,65.11,45.61,
"2020-11-28 08:15:36",88.31,18.54,3.44,66.32,46.56,
"2020-11-27 07:19:06",88.60,18.58,3.45,66.55,46.75,
"2020-11-26 06:57:23",88.16,18.56,3.43,66.16,46.43,
"2020-11-25 06:38:25",87.41,19.29,3.36,64.75,45.37,
"2020-11-24 06:57:23",87.30,19.00,3.37,64.92,45.48,
"2020-11-23 06:56:12",87.49,18.83,3.39,65.26,45.74,
"2020-11-22 07:48:38",87.79,18.85,3.40,65.52,45.94,
"2020-11-21 07:56:57",87.78,18.60,3.41,65.75,46.11,
"2020-11-20 06:59:27",87.23,18.87,3.37,64.98,45.51,
"2020-11-19 06:21:56",88.13,19.55,3.38,65.18,45.73,
"2020-11-18 07:02:13",88.51,18.89,3.43,66.17,46.46,
"2020-11-15 08:00:17",88.20,19.11,3.41,65.66,46.07,
"2020-11-14 08:39:04",87.69,18.66,3.40,65.62,46.01,
"2020-11-13 07:53:42",87.72,19.08,3.38,65.24,45.74,
"2020-11-12 07:10:32",87.69,18.82,3.40,65.46,45.89,
"2020-11-11 07:10:56",87.32,19.02,3.37,64.92,45.48,
"2020-11-10 06:58:35",88.10,19.49,3.38,65.21,45.75,
"2020-11-09 06:56:18",88.40,19.43,3.40,65.55,46.01,
"2020-11-08 07:54:26",87.14,18.57,3.38,65.18,45.65,
"2020-11-07 07:18:22",87.41,17.69,3.44,66.26,46.50,
"2020-11-06 07:01:54",87.41,18.33,3.41,65.66,46.03,
"2020-11-05 06:55:21",87.25,19.00,3.37,64.87,45.44,
"2020-11-04 07:05:24",87.90,18.89,3.40,65.59,46.00,
"2020-11-03 06:41:22",87.31,18.69,3.38,65.22,45.69,
"2020-11-02 07:04:29",87.64,18.78,3.40,65.45,45.88,
"2020-11-01 07:41:24",87.21,18.61,3.38,65.19,45.67,
"2020-10-31 07:25:01",87.64,18.98,3.39,65.26,45.75,
"2020-10-30 06:48:19",87.95,18.56,3.42,65.95,46.27,
"2020-10-29 06:44:31",87.57,18.37,3.41,65.78,46.12,
"2020-10-28 06:53:21",87.84,18.59,3.42,65.82,46.16,
"2020-10-27 06:40:03",87.43,18.22,3.41,65.79,46.13,
"2020-10-26 06:37:49",87.08,18.15,3.40,65.51,45.90,
"2020-10-25 07:15:35",86.85,18.34,3.38,65.12,45.59,
"2020-10-24 07:38:54",87.61,,,,,
"2020-10-24 07:38:24",87.61,18.58,3.40,65.61,46.00,
"2020-10-23 07:25:39",86.67,17.90,3.39,65.36,45.77,
"2020-10-22 06:37:03",87.46,17.91,3.43,66.10,46.37,
"2020-10-21 07:16:16",87.16,18.14,3.41,65.60,45.98,
"2020-10-20 06:55:16",86.97,18.27,3.39,65.30,45.73,
"2020-10-19 06:58:08",87.77,18.86,3.40,65.49,45.92,
"2020-10-18 07:59:43",87.27,18.69,3.38,65.18,45.67,
"2020-10-17 07:39:51",86.98,17.92,3.41,65.63,45.99,
"2020-10-16 07:19:50",87.17,18.73,3.38,65.04,45.56,
"2020-10-15 07:01:02",87.07,19.13,3.35,64.57,45.22,
"2020-10-14 07:06:30",86.93,18.55,3.37,64.99,45.50,
"2020-10-13 07:05:54",87.28,18.46,3.39,65.41,45.84,
"2020-10-12 07:27:12",87.73,18.23,3.43,66.06,46.34,
"2020-10-11 06:50:05",88.57,18.88,3.44,66.24,46.51,
"2020-10-10 07:20:33",87.91,18.24,3.44,66.22,46.47,
"2020-10-09 06:35:16",87.31,18.56,3.39,65.34,45.79,
"2020-10-08 06:56:29",87.63,19.08,3.38,65.15,45.67,
"2020-10-07 06:44:53",87.57,19.03,3.38,65.14,45.66,
"2020-10-07 06:44:22",87.71,19.06,3.39,65.25,45.74,
"2020-10-06 06:58:10",87.09,18.95,3.36,64.77,45.36,
"2020-10-05 07:00:05",87.50,19.02,3.38,65.08,45.61,
"2020-10-03 07:46:09",88.06,19.69,3.37,64.98,45.59,
"2020-10-02 06:56:20",88.32,19.40,3.40,65.51,45.97,
"2020-10-01 06:19:42",88.16,19.28,3.40,65.47,45.93,
"2020-09-30 06:18:17",88.50,19.41,3.41,65.67,46.10,
"2020-09-29 07:18:04",88.97,19.73,3.41,65.82,46.24,
"2020-09-28 07:58:59",88.89,19.79,3.41,65.68,46.13,
"2020-09-27 07:28:41",89.25,19.34,3.45,66.45,46.70,
"2020-09-25 07:11:26",88.82,19.02,3.44,66.34,46.60,
"2020-09-24 07:03:57",89.21,20.54,3.38,65.26,45.89,
"2020-09-23 06:35:02",89.35,20.18,3.41,65.74,46.21,
"2020-09-22 06:52:25",88.68,19.46,3.41,65.80,46.20,
"2020-09-21 06:40:20",89.07,19.96,3.41,65.69,46.16,
"2020-09-20 07:12:55",89.43,20.15,3.41,65.85,46.30,
"2020-09-19 07:52:59",89.92,19.39,3.48,67.04,47.17,
"2020-09-18 07:05:58",89.02,20.09,3.40,65.52,46.04,
"2020-09-17 07:35:01",88.31,18.89,3.42,65.98,46.32,
"2020-09-16 07:22:05",88.40,20.98,3.33,64.08,45.05,
"2020-09-14 06:40:48",90.37,20.25,3.45,66.65,46.92,
"2020-09-13 06:53:45",91.10,21.09,3.45,66.55,46.92,
"2020-09-12 07:27:05",91.45,20.80,3.48,67.15,47.35,
"2020-09-12 07:26:35",91.61,21.39,3.46,66.75,47.10,
"2020-09-11 06:33:05",90.63,20.36,3.46,66.79,47.04,
"2020-09-10 06:24:42",90.79,20.57,3.46,66.74,47.02,
"2020-09-09 06:21:00",90.58,19.96,3.48,67.12,47.27,
"2020-09-08 06:17:21",90.90,21.42,3.42,66.03,46.56,
"2020-09-08 06:16:51",90.89,21.19,3.43,66.25,46.70,
"2020-09-07 06:32:58",90.79,20.44,3.47,66.87,47.11,
"2020-09-06 07:32:38",91.04,21.27,3.44,66.32,46.76,
"2020-09-05 07:26:57",90.67,21.11,3.43,66.12,46.59,
"2020-09-04 06:25:13",91.11,21.23,3.44,66.42,46.84,
"2020-09-03 06:44:35",91.25,21.30,3.45,66.50,46.90,
"2020-09-02 06:23:38",91.20,21.67,3.43,66.09,46.64,
"2020-09-01 06:18:33",91.42,22.02,3.42,65.96,46.58,
"2020-08-31 06:53:50",92.03,21.90,3.45,66.66,47.08,
"2020-08-30 07:32:24",92.02,21.99,3.45,66.57,47.02,
"2020-08-28 07:08:11",92.92,20.66,3.56,68.68,48.52,
"2020-08-27 07:10:17",91.81,21.78,3.45,66.57,47.00,
"2020-08-26 06:45:30",92.14,22.84,3.41,65.87,46.62,
"2020-08-25 19:48:30",93.28,,,,,
"2020-08-25 06:58:50",92.04,23.55,3.38,65.09,46.34,
"2020-08-24 07:02:28",93.28,22.63,3.48,67.16,47.72,
"2020-08-23 08:54:45",93.05,21.95,3.50,67.59,47.97,
"2020-08-22 08:40:08",91.55,22.33,3.41,65.79,46.67,
"2020-08-20 07:19:20",92.87,23.35,3.43,66.07,47.02,
"2020-08-18 07:25:39",92.28,22.63,3.43,66.20,47.01,
"2020-08-17 07:02:35",92.40,21.94,3.47,66.98,47.51,
"2020-08-14 06:58:06",92.08,22.26,3.44,66.36,47.09,
"2020-08-12 06:54:33",92.65,22.52,3.46,66.66,47.34,
"2020-08-11 06:56:11",92.60,21.98,3.48,67.12,47.62,
"2020-08-10 07:46:46",92.71,22.67,3.45,66.58,47.30,
"2020-08-09 07:32:26",92.51,21.76,3.49,67.24,47.69,
"2020-08-08 07:33:11",91.85,22.80,3.41,65.63,46.62,
"2020-08-07 06:56:02",93.02,22.76,3.46,66.78,47.46,
"2020-08-06 07:34:21",92.30,24.15,3.37,64.77,46.21,
"2020-08-05 06:56:08",93.20,24.07,3.41,65.71,46.86,
"2020-08-04 06:53:58",93.54,23.03,3.47,67.03,47.67,
"2020-08-02 07:45:04",93.42,23.44,3.45,66.52,47.35,
"2020-07-31 07:37:23",92.87,23.34,3.43,66.08,47.03,
"2020-07-30 11:53:10",92.13,23.08,3.41,65.63,46.66,
"2020-07-29 07:20:07",92.42,23.86,3.38,65.16,46.44,
"2020-07-28 07:18:58",93.65,23.78,3.44,66.41,47.32,
"2020-07-27 07:10:01",94.58,22.75,3.54,68.28,48.56,
"2020-07-26 07:45:35",94.55,22.52,3.55,68.47,48.68,
"2020-07-24 07:09:50",92.55,22.49,3.45,66.59,47.29,
"2020-07-23 07:16:52",92.08,22.02,3.45,66.59,47.23,
"2020-07-22 07:02:07",92.70,23.35,3.42,65.91,46.90,
"2020-07-21 07:19:10",93.66,23.79,3.44,66.41,47.32,
"2020-07-20 07:25:12",94.06,23.70,3.47,66.88,47.64,
"2020-07-20 07:11:11",94.09,23.05,3.50,67.53,48.04,
"2020-07-19 07:05:52",93.85,23.89,3.45,66.50,47.40,
"2020-07-18 07:37:52",92.96,24.87,3.37,64.71,46.29,
"2020-07-17 06:57:03",93.37,24.72,3.39,65.25,46.64,
"2020-07-16 07:12:44",93.28,24.79,3.38,65.09,46.54,
"2020-07-15 07:08:10",95.13,24.31,3.49,67.32,48.05,
"2020-07-14 07:04:06",94.00,23.91,3.45,66.62,47.49,
"2020-07-14 07:03:45",93.96,,,,,
"2020-07-14 07:03:24",93.98,,,,,
"2020-07-13 07:24:25",93.62,23.60,3.45,66.55,47.40,
"2020-07-12 07:10:37",93.43,24.67,3.39,65.35,46.71,
"2020-07-11 07:49:21",93.26,23.86,3.42,65.97,47.02,
"2020-07-10 07:14:54",93.20,21.89,3.51,67.79,48.12,
"2020-07-09 08:07:29",94.45,22.11,3.56,68.76,48.87,
"2020-07-08 07:23:52",94.23,23.25,3.50,67.47,48.02,
"2020-07-07 06:26:20",94.45,24.22,3.46,66.76,47.63,
"2020-07-06 07:12:27",94.22,24.34,3.44,66.42,47.41,
"2020-07-03 07:08:33",94.57,,,,,
"2020-07-03 07:07:56",94.60,23.76,3.49,67.34,47.99,
"2020-07-02 07:17:48",93.23,23.32,3.45,66.45,47.29,
"2020-07-01 07:23:58",93.38,23.70,3.43,66.23,47.18,
"2020-06-30 07:07:57",93.94,23.95,3.45,66.52,47.43,
"2020-06-29 07:05:16",93.89,23.50,3.47,66.91,47.64,
"2020-06-28 06:56:00",93.34,24.17,3.41,65.74,46.90,
"2020-06-27 07:34:44",93.69,23.80,3.44,66.43,47.34,
"2020-06-26 07:12:38",93.20,24.76,3.38,65.04,46.51,
"2020-06-25 07:19:18",94.00,22.76,3.51,67.72,48.15,
"2020-06-24 07:03:20",94.14,22.97,3.50,67.65,48.12,
"2020-06-23 07:29:44",93.95,23.65,3.46,66.82,47.60,
"2020-06-22 07:06:30",94.12,23.95,3.46,66.70,47.56,
"2020-06-21 07:41:49",94.14,23.49,3.48,67.15,47.82,
"2020-06-21 07:41:20",94.38,23.95,3.47,66.95,47.73,
"2020-06-20 07:28:54",93.81,23.69,3.45,66.65,47.48,
"2020-06-19 07:31:19",94.50,24.57,3.45,66.46,47.48,
"2020-06-18 07:06:00",93.83,22.68,3.50,67.63,48.08,
"2020-06-17 07:05:40",94.40,24.76,3.43,66.20,47.32,
"2020-06-14 18:37:18",94.21,22.81,3.52,67.86,48.26,
"2020-01-02 19:19:50",92.48,,,,,
"2019-08-15 06:43:51",93.76,,,,,
"2019-08-14 19:39:13",93.72,21.20,3.58,68.93,48.95,
"2019-08-05 06:26:06",94.13,,,,,
"2019-08-03 07:14:54",93.35,,,,,
"2019-06-15 06:18:43",93.17,22.40,3.49,67.27,47.81,
"2019-05-14 06:18:57",92.82,22.76,3.45,66.59,47.36,
"2019-05-12 07:57:24",93.34,24.15,3.41,65.77,46.96,
"2019-04-30 06:19:22",93.36,23.30,3.45,66.59,47.43,
"2019-04-27 08:00:36",93.13,22.50,3.48,67.14,47.73,
"2019-04-26 06:12:13",92.73,22.78,3.45,66.49,47.29,
"2019-04-24 06:17:56",93.25,23.60,3.43,66.20,47.19,
"2019-04-23 06:05:06",93.96,,,,,
"2019-04-22 23:05:00",93.99,22.40,3.53,68.05,48.39,
"2019-04-22 23:04:00",94.10,22.96,3.50,67.63,48.14,
"2019-04-03 06:26:26",93.64,23.92,3.44,66.26,47.28,
"2019-04-01 06:28:27",94.08,21.95,3.55,68.56,48.73,
"2019-03-30 06:14:51",92.80,22.59,3.46,66.74,47.45,
"2019-03-27 06:15:02",94.22,23.94,3.46,66.80,47.67,
"2019-03-21 06:40:50",94.85,,,,,
"2019-03-19 06:21:55",94.15,,,,,
"2019-03-18 06:16:06",94.45,,,,,
"2019-02-24 08:16:29",94.95,,,,,
"2019-02-22 06:37:51",93.63,27.90,3.28,62.43,45.43,
"2019-02-19 06:10:36",93.30,21.66,3.53,68.10,48.36,
"2019-02-10 06:44:26",93.95,,,,,
"2019-01-29 06:36:24",94.97,,,,,
"2019-01-27 07:50:40",94.65,23.26,3.51,67.86,48.35,
"2019-01-13 06:37:25",95.87,24.73,3.50,67.62,48.37,
"2019-01-10 06:14:12",95.21,,,,,
"2019-01-02 06:57:00",94.01,23.83,3.46,66.70,47.59,
"2019-01-01 08:08:38",93.98,23.55,3.47,66.94,47.73,
"2018-12-31 09:55:36",94.20,22.37,3.54,68.28,48.56,
"2018-12-28 07:18:43",94.14,22.95,3.50,67.67,48.18,
"2018-12-21 06:52:50",93.53,23.85,3.43,66.23,47.26,
"2018-12-18 07:02:59",93.70,,,,,
"2018-12-17 07:01:53",94.12,,,,,
"2018-12-11 07:13:16",93.68,23.05,3.48,67.14,47.80,
"2018-12-11 07:06:49",93.79,,,,,
"2018-12-10 06:56:21",94.34,17.39,3.86,73.07,52.45,
"2018-12-09 07:39:24",93.84,,,,,
"2018-11-19 06:35:28",92.83,,,,,
"2018-11-15 06:55:40",91.22,22.19,3.40,65.61,46.59,
"2018-11-11 07:01:05",91.79,16.12,3.80,71.85,51.61,
"2018-11-05 06:32:56",92.25,22.30,3.45,66.49,47.24,
"2018-10-12 06:29:42",89.97,21.17,3.39,65.38,46.30,
"2018-10-11 06:37:16",89.68,21.43,3.37,64.86,45.94,
"2018-10-05 06:43:11",90.60,,,,,
"2018-09-20 06:51:03",89.90,,,,,
"2018-09-20 06:50:36",90.14,21.98,3.36,64.78,45.96,
"2018-09-16 08:22:20",91.02,,,,,
"2018-09-11 06:21:27",90.16,22.17,3.36,64.61,45.86,
"2018-09-02 07:00:53",92.08,,,,,
"2018-08-29 06:45:18",90.58,22.02,3.38,65.16,46.24,
"2018-08-25 08:05:23",91.95,20.98,3.50,67.46,47.84,
"2018-08-22 07:39:19",90.94,21.43,3.43,66.07,46.84,
"2018-08-15 06:54:08",90.37,20.88,3.43,66.05,46.77,
"2018-08-12 06:35:48",91.44,21.72,3.44,66.27,47.02,
"2018-08-10 06:32:09",90.34,19.58,3.49,67.26,47.59,
"2018-08-09 06:33:25",90.65,20.87,3.44,66.33,46.98,
"2018-08-08 06:45:46",91.05,21.73,3.42,65.88,46.74,
"2018-08-06 07:21:43",91.87,,,,,
"2018-08-05 23:06:24",92.53,19.97,3.58,68.96,48.94,
"2018-08-03 06:45:51",90.16,20.58,3.43,66.13,46.81,
"2018-08-02 06:40:01",90.24,19.87,3.47,66.89,47.32,
"2018-07-28 09:38:08",90.72,,,,,
"2018-07-26 07:18:11",90.31,21.47,3.40,65.43,46.37,
"2018-07-24 06:40:02",91.65,21.41,3.46,66.77,47.36,
"2018-07-21 07:26:58",90.45,,,,,
"2018-07-17 07:06:27",90.01,21.59,3.38,65.03,46.09,
"2018-07-11 07:10:47",90.25,21.09,3.41,65.73,46.56,
"2018-07-10 06:33:38",89.89,20.63,3.41,65.83,46.58,
"2018-07-09 06:58:20",90.15,21.11,3.40,65.63,46.48,
"2018-07-08 07:23:19",89.92,21.42,3.38,65.11,46.13,
"2018-07-07 07:26:32",90.01,20.50,3.43,66.07,46.75,
"2018-07-06 08:07:07",90.30,20.22,3.45,66.61,47.14,
"2018-07-05 06:20:22",89.75,20.79,3.40,65.54,46.38,
"2018-07-04 06:39:45",89.87,21.38,3.38,65.10,46.12,
"2018-07-03 06:56:35",89.76,21.96,3.35,64.44,45.71,
"2018-07-02 07:09:48",89.91,22.22,3.34,64.33,45.68,
"2018-07-01 07:36:09",90.11,22.29,3.35,64.45,45.77,
"2018-06-30 07:18:06",90.90,21.79,3.41,65.68,46.60,
"2018-06-29 06:41:07",91.03,21.06,3.45,66.51,47.14,
"2018-06-28 06:36:21",90.66,21.56,3.41,65.68,46.57,
"2018-06-26 06:29:47",90.72,21.28,3.42,66.00,46.78,
"2018-06-25 06:53:07",90.95,21.18,3.44,66.32,47.00,
"2018-06-24 06:39:53",90.08,21.41,3.39,65.27,46.25,
"2018-06-23 07:11:19",90.24,21.72,3.38,65.12,46.18,
"2018-06-22 06:11:36",90.28,20.93,3.42,65.91,46.67,
"2018-06-21 06:33:44",89.55,20.99,3.38,65.16,46.12,
"2018-06-20 06:27:29",90.14,20.82,3.42,65.88,46.64,
"2018-06-19 06:28:50",90.46,21.16,3.42,65.86,46.66,
"2018-06-18 06:37:59",90.64,21.63,3.40,65.59,46.51,
"2018-06-16 07:55:06",91.70,21.43,3.46,66.79,47.38,
"2018-06-14 06:40:42",90.72,21.79,3.40,65.52,46.48,
"2018-06-13 06:44:13",90.71,21.04,3.43,66.22,46.92,
"2018-06-12 06:57:20",90.35,20.72,3.43,66.19,46.86,
"2018-06-11 06:39:33",90.33,21.25,3.41,65.66,46.52,
"2018-06-10 08:09:40",90.68,19.63,3.50,67.53,47.81,
"2018-06-08 07:52:42",91.01,21.13,3.44,66.42,47.07,
"2018-06-07 06:52:27",90.48,21.69,3.39,65.39,46.37,
"2018-06-06 06:54:07",90.16,20.89,3.42,65.84,46.62,
"2018-06-05 06:39:16",90.25,21.58,3.39,65.27,46.27,
"2018-06-04 06:50:18",89.95,20.22,3.44,66.28,46.89,
"2018-06-03 06:42:08",91.58,21.57,3.45,66.55,47.22,
"2018-05-29 06:24:19",90.73,18.73,3.56,68.42,48.50,
"2018-05-28 06:31:03",90.85,20.11,3.49,67.23,47.61,
"2018-05-26 09:41:23",91.17,18.10,3.62,69.43,49.33,
"2018-05-26 06:50:09",91.54,20.16,3.52,67.85,48.09,
"2018-05-25 06:18:59",91.31,19.61,3.54,68.15,48.30,
"2018-05-24 07:01:00",90.19,20.27,3.45,66.47,47.03,
"2018-05-23 06:51:53",90.09,20.95,3.41,65.71,46.53,
"2018-05-22 06:49:51",90.30,22.44,3.35,64.49,45.83,
"2018-05-21 06:22:39",90.75,20.69,3.45,66.59,47.17,
"2018-05-20 08:12:27",90.86,21.71,3.41,65.73,46.63,
"2018-05-19 07:20:03",90.85,19.70,3.51,67.63,47.89,
"2018-05-18 06:45:34",90.90,21.51,3.42,65.96,46.78,
"2018-05-17 06:53:13",90.51,21.06,3.42,66.01,46.77,
"2018-05-16 05:34:07",90.71,21.45,3.41,65.84,46.68,
"2018-05-15 06:36:53",90.26,21.41,3.40,65.44,46.38,
"2018-05-14 06:23:27",90.15,22.04,3.36,64.73,45.94,
"2018-05-13 07:09:04",90.86,21.61,3.41,65.82,46.69,
"2018-05-12 08:11:43",91.64,21.47,3.46,66.70,47.32,
"2018-05-11 06:42:35",90.30,21.17,3.41,65.71,46.55,
"2018-05-10 07:02:12",90.24,21.57,3.39,65.26,46.27,
"2018-05-09 07:31:55",90.67,21.18,3.43,66.05,46.80,
"2018-05-07 06:33:49",91.13,21.26,3.44,66.41,47.08,
"2018-05-03 06:25:18",89.88,21.06,3.39,65.41,46.32,
"2018-05-02 06:30:42",90.66,20.39,3.46,66.79,47.29,
"2018-04-30 06:48:55",89.96,20.00,3.45,66.50,47.04,
"2018-04-29 06:48:57",90.71,20.56,3.46,66.68,47.23,
"2018-04-28 06:49:59",89.84,21.15,3.39,65.28,46.24,
"2018-04-27 06:12:16",90.20,20.03,3.46,66.69,47.19,
"2018-04-26 06:37:16",90.53,20.28,3.46,66.77,47.27,
"2018-04-25 06:09:40",90.96,20.65,3.46,66.83,47.34,
"2018-04-24 06:29:30",90.32,19.90,3.47,66.94,47.37,
"2018-04-23 06:37:59",89.34,19.66,3.44,66.23,46.81,
"2018-04-21 07:30:29",89.95,20.20,3.44,66.29,46.90,
"2018-04-19 07:14:37",89.68,20.18,3.43,66.06,46.72,
"2018-04-18 06:52:40",89.55,20.25,3.42,65.86,46.58,
"2018-04-17 06:36:59",90.09,20.49,3.43,66.15,46.82,
"2018-04-16 06:43:54",90.14,19.77,3.47,66.89,47.33,
"2018-04-15 07:09:57",90.00,20.29,3.44,66.26,46.88,
"2018-04-14 07:03:27",90.38,19.99,3.47,66.91,47.36,
"2018-04-12 06:22:54",89.91,19.19,3.49,67.22,47.55,
"2018-04-11 06:22:08",90.56,19.52,3.50,67.52,47.80,
"2018-04-10 06:17:01",89.58,20.15,3.42,65.99,46.67,
"2018-04-09 06:16:16",89.76,20.46,3.42,65.86,46.60,
"2018-04-08 06:31:17",90.07,20.39,3.43,66.23,46.87,
"2018-04-07 06:26:34",89.08,20.07,3.40,65.59,46.36,
"2018-04-06 06:50:55",89.14,19.68,3.42,66.02,46.65,
"2018-04-05 06:25:52",88.94,19.87,3.41,65.64,46.38,
"2018-04-04 07:10:05",89.34,20.76,3.38,65.19,46.12,
"2018-04-03 06:19:29",88.84,20.67,3.36,64.80,45.82,
"2018-04-02 06:32:02",88.58,20.93,3.34,64.30,45.48,
"2018-04-01 06:59:52",88.71,21.37,3.33,63.99,45.31,
"2018-03-30 07:09:49",89.74,20.45,3.42,65.86,46.60,
"2018-03-29 06:32:21",89.24,21.33,3.35,64.54,45.71,
"2018-03-28 06:28:32",89.64,21.48,3.36,64.78,45.90,
"2018-03-27 06:56:43",89.20,21.21,3.36,64.61,45.75,
"2018-03-26 07:13:46",89.57,21.03,3.38,65.15,46.12,
"2018-03-25 06:51:08",89.47,20.72,3.39,65.34,46.23,
"2018-03-23 05:52:45",89.19,21.50,3.34,64.33,45.58,
"2018-03-21 06:18:03",89.54,21.26,3.37,64.90,45.97,
"2018-03-20 06:32:35",89.07,21.66,3.33,64.06,45.41,
"2018-03-19 06:42:01",89.45,21.62,3.35,64.46,45.69,
"2018-03-18 06:28:02",89.43,21.43,3.36,64.62,45.79,
"2018-03-16 06:20:25",89.32,21.21,3.36,64.73,45.84,
"2018-03-15 06:49:57",90.38,20.84,3.43,66.09,46.81,
"2018-03-14 06:17:42",90.86,,,,,
"2018-03-13 06:10:11",90.21,21.39,3.39,65.41,46.36,
"2018-03-07 06:50:54",91.78,,,,,
"2018-03-05 06:18:43",91.45,21.11,3.47,66.86,47.41,
"2018-03-04 09:23:55",91.02,18.49,3.59,68.93,48.91,
"2018-03-01 06:51:53",90.63,,,,,
"2018-02-28 06:55:25",90.41,20.77,3.43,66.19,46.88,
"2018-02-26 06:43:12",90.17,21.22,3.40,65.53,46.43,
"2018-02-24 06:37:26",91.53,,,,,
"2018-02-21 06:27:42",90.27,21.67,3.38,65.20,46.24,
"2018-02-20 06:57:58",89.68,,,,,
"2018-02-19 06:24:44",90.31,20.83,3.42,66.04,46.77,
"2018-02-18 06:39:31",90.37,20.38,3.45,66.53,47.10,
"2018-02-17 07:40:34",89.77,20.05,3.44,66.26,46.87,
"2018-02-15 06:49:14",89.71,21.16,3.38,65.15,46.15,
"2018-02-14 07:13:10",89.86,25.13,3.23,61.48,44.25,
"2018-02-13 07:22:22",90.14,21.05,3.41,65.67,46.52,
"2018-02-12 06:42:41",89.85,21.85,3.36,64.62,45.85,
"2018-02-08 07:13:41",91.66,21.64,3.45,66.55,47.24,
"2018-02-07 07:08:28",91.85,21.69,3.46,66.68,47.34,
"2018-02-06 06:30:14",91.36,19.66,3.54,68.15,48.31,
"2018-02-05 06:26:04",91.06,21.64,3.42,65.98,46.82,
"2018-02-03 20:36:49",91.14,21.84,3.42,65.86,46.75,
"2018-01-31 06:23:37",91.31,20.85,3.47,66.97,47.48,
"2018-01-29 06:34:48",90.51,21.48,3.40,65.61,46.52,
"2018-01-29 06:34:22",90.62,21.75,3.40,65.45,46.44,
"2018-01-25 06:22:19",90.61,,,,,
"2018-01-24 07:18:34",90.34,,,,,
"2018-01-23 06:16:35",91.17,21.31,3.44,66.41,47.09,
"2018-01-19 06:14:47",91.32,21.66,3.43,66.21,46.99,
"2018-01-18 06:15:13",91.30,21.83,3.42,66.03,46.87,
"2018-01-17 06:52:22",91.30,21.98,3.42,65.89,46.79,
"2018-01-15 06:21:17",91.16,21.35,3.44,66.36,47.06,
"2018-01-14 09:13:18",91.97,20.05,3.55,68.36,48.48,
"2018-01-13 09:47:04",91.34,,,,,
"2018-01-13 07:36:26",91.53,20.82,3.48,67.20,47.65,
"2018-01-12 06:15:14",92.07,21.09,3.50,67.46,47.87,
"2018-01-11 08:22:41",92.25,20.45,3.54,68.25,48.42,
"2018-01-09 06:13:14",91.50,20.93,3.48,67.07,47.56,
"2018-01-08 06:34:52",90.80,20.22,3.48,67.09,47.52,
"2018-01-07 08:15:44",91.04,,,,,
"2018-01-05 06:25:15",91.48,19.26,3.57,68.64,48.68,
"2018-01-04 06:29:13",91.00,,,,,
"2018-01-03 06:21:15",90.62,20.31,3.46,66.82,47.32,
"2018-01-02 06:36:08",90.83,21.17,3.43,66.21,46.94,
"2017-12-31 07:11:57",90.99,21.11,3.44,66.42,47.09,
"2017-12-29 06:50:55",90.76,20.19,3.48,67.08,47.51,
"2017-12-28 07:57:57",90.42,21.67,3.39,65.34,46.35,
"2017-12-26 08:26:33",89.67,21.60,3.36,64.69,45.87,
"2017-12-25 06:52:53",90.03,21.27,3.39,65.35,46.31,
"2017-12-22 06:50:17",89.93,20.24,3.43,66.23,46.87,
"2017-12-21 06:03:45",90.02,21.17,3.40,65.44,46.36,
"2017-12-19 07:17:52",89.68,20.50,3.41,65.75,46.53,
"2017-12-16 06:52:54",90.13,20.63,3.43,66.06,46.77,
"2017-12-15 07:18:34",89.79,21.21,3.38,65.18,46.18,
"2017-12-14 07:14:43",89.35,20.16,3.41,65.77,46.50,
"2017-12-13 06:59:48",89.64,20.43,3.41,65.79,46.54,
"2017-12-12 05:14:24",89.94,19.18,3.49,67.26,47.59,
"2017-12-11 06:40:20",89.68,20.55,3.41,65.71,46.50,
"2017-12-10 15:27:39",90.11,,,,,
"2017-12-10 04:58:32",89.59,20.34,3.41,65.82,46.56,
"2017-12-09 07:23:24",89.88,19.85,3.45,66.56,47.09,
"2017-12-08 05:56:50",88.79,19.81,3.40,65.56,46.31,
"2017-12-07 07:00:11",88.75,20.17,3.38,65.18,46.06,
"2017-12-06 06:34:07",89.10,20.53,3.38,65.17,46.09,
"2017-12-05 06:30:22",88.94,20.28,3.39,65.26,46.13,
"2017-12-04 06:51:03",89.06,20.45,3.38,65.21,46.12,
"2017-12-02 06:44:00",90.32,19.99,3.47,66.85,47.32,
"2017-11-30 08:23:45",90.06,19.56,3.48,67.00,47.41,
"2017-11-29 06:21:20",89.51,20.18,3.42,65.89,46.61,
"2017-11-28 06:30:53",89.04,21.17,3.35,64.50,45.68,
"2017-11-27 06:38:54",88.56,21.33,3.32,63.89,45.25,
"2017-11-26 07:54:56",89.06,20.41,3.39,65.26,46.15,
"2017-11-25 08:22:28",88.84,19.50,3.42,65.91,46.56,
"2017-11-24 06:52:36",88.87,19.86,3.40,65.59,46.34,
"2017-11-23 07:01:04",88.85,20.07,3.39,65.38,46.20,
"2017-11-22 06:36:29",88.91,20.24,3.39,65.26,46.14,
"2017-11-21 07:15:02",89.12,20.54,3.38,65.19,46.11,
"2017-11-20 06:45:02",88.36,20.53,3.35,64.46,45.57,
"2017-11-16 07:14:28",88.53,19.82,3.39,65.31,46.13,
"2017-11-15 06:39:45",88.55,20.56,3.36,64.62,45.69,
"2017-11-14 06:42:50",88.47,20.37,3.36,64.73,45.75,
"2017-11-13 06:52:49",88.55,19.92,3.39,65.23,46.08,
"2017-11-13 06:52:14",88.76,20.60,3.36,64.78,45.81,
"2017-11-12 17:44:37",89.89,19.44,3.47,66.96,47.37,
"2017-11-12 17:40:12",89.95,19.84,3.46,66.63,47.14,
"2017-11-11 17:30:31",90.20,0.00,,,,
